"V1","V2","V3","V4"
"Sheet","Column/Term","Description","Example"
"README","","",""
"","key","version_mixs_sc_rnaseq",""
"","name","Single-cell Ribonucleic Acid Sequencing (scRNA-Seq) [Minimum Information about any (x) Sequence (MIxS)]",""
"","description","For single cell RNA-seq studies with a focus on the essential contextual details for the sampling and sequencing of genomic data.",""
"","standard","mixs",""
"","technology","sc_rnaseq",""
"","manifest_version","0.1",""
"study","","",""
"","project_name","Official name of the study or project. Project title should be fewer than 30 words, such as a title of a grant proposal or a publication.","e.g. Study of single cells in the human body"
"","description (optional)","A detailed description of the project which includes research goals and experimental approach. Project description should be fewer than 300 words, such as an abstract from a grant application or publication.","e.g. This project explores the intricate details of single cells in the human body, focusing on their structure, function, and behaviour. By studying individual cells, it aims to uncover how they contribute to overall health, disease progression, and human biology. This research can provide deeper insights into cellular processes, paving the way for advancements in medical treatments and personalised medicine."
"","workflow (optional)","The workflow or protocol followed during the study.","e.g. Laser microdissection"
"","technology","The sorting or visualisation technology used.","e.g. Vizgen"
"","neg_cont_type (optional)","The substance or equipment used as a negative control in an investigation","e.g. Phosphate buffer"
"","pos_cont_type (optional)","The substance, mixture, product, or apparatus used to verify that a process which is part of an investigation delivers a true positive","e.g. substance1"
"","experimental_factor (optional)","Variable aspects of an experiment design that can be used to describe an experiment, or set of experiments, in an increasingly detailed manner. This field accepts ontology terms from Experimental Factor Ontology (EFO) and/or Ontology for Biomedical Investigations (OBI)","e.g. EFO:0001779"
"","associated_resource (optional)","A related resource that is referenced, cited, or otherwise associated to the sequence.","e.g. https://arctos.database.museum/media/10520962 | https://arctos.database.museum/media/10520964"
"person","","",""
"","orcid_id (optional)","A 16-digit number that uniquely identify researchers.","e.g. 0000-1234-5678-9012"
"","givenName","A first name (or given name) is the personal name given to an individual conducting the study.","e.g. Jane"
"","familyName","A last name (or surname) is the family name passed down from one generation to the next for the individual conducting the study.","e.g. Doe"
"","email (optional)","A unique identifier used to send and receive electronic messages (emails) over the internet.","e.g. jane.doe@example.com"
"","affiliation","An organisation or institution that this person is associated with.","e.g. University of Liverpool"
"","funder (optional)","A person or organization that supports (sponsors) something through some kind of financial contribution.","e.g. BBSRC"
"","funding (optional)","A grant that directly or indirectly provides funding or sponsorship for the person to conduct the study.","e.g. GRAK3489"
"sample","","",""
"","sample_id","A unique alphanumeric reference or identifier for the study.","e.g. study123"
"","specific_host (optional)","Report the host's taxonomic name and/or NCBI taxonomy ID","e.g. Arenicola marina"
"","organism (optional)","The full scientific name of the species studied.","e.g. Arenicola marina"
"","microb_start_taxID (optional)","An identifier of the strain of the organism, if applicable.","e.g. XY [en:42]"
"","tissue (optional)","The type of tissue sampled for the study.","e.g. Leaf"
"","collection_date (optional)","The time of sampling, either as an instance (single point in time) or interval. In case no exact time is available, the date/time can be right truncated i.e. all of these are valid times: 2008-01-23T19:23:10+00:00; 2008-01-23T19:23:10; 2008-01-23; 2008-01; 2008; Except: 2008-01; 2008 all are ISO8601 compliant","e.g. 2024-09-20T21:12"
"","lat_lon (optional)","The geographical origin of the sample as defined by latitude and longitude. The values should be reported in decimal degrees, limited to 8 decimal points, and in WGS84 system","e.g. 50.123 6.24512"
"","env_broad_scale (optional)","Report the major environmental system the sample or specimen came from. The system(s) identified should have a coarse spatial grain, to provide the general environmental context of where the sampling was done (e.g. in the desert or a rainforest). Reference: https://github.com/EnvironmentOntology/envo/wiki/Using-ENVO-with-MIxS.","e.g. Urban"
"","env_local_scale (optional)","Report the environmental material(s) immediately surrounding the sample or specimen at the time of sampling.","e.g. Laboratory"
"","env_medium (optional)","Report the environmental material(s) immediately surrounding the sample or specimen at the time of sampling.","e.g. Tissue culture"
"","accession_number (optional)","A unique alphanumeric reference or identifier assigned to the sample in the study related to NCBI Taxonomy.","e.g. accession123"
"","geo_loc_name (optional)","The geographical origin of the sample as defined by the country or sea name followed by specific region name. Country or sea names should be chosen from the INSDC country list (http://insdc.org/country.html), or the GAZ ontology (http://purl.bioontology.org/ontology/GAZ)","e.g. USA: Maryland, Bethesda"
"","depth (optional)","The vertical distance below local surface. For sediment or soil samples depth is measured from sediment or soil surface, respectively. Depth can be reported as an interval for subsurface samples","e.g. 200"
"","elev (optional)","Elevation of the sampling site is its height above a fixed reference point, most commonly the mean sea level. Elevation is mainly used when referring to points on the earth's surface, while altitude is used for points above the surface, such as an aircraft in flight or a spacecraft in orbit","e.g. 1236"
"","samp_size (optional)","The total amount or size (volume (ml), mass (g) or area (m2) ) of sample collected","e.g. 5 litre"
"","samp_name (optional)","","e.g. ISDsoil1"
"","lib_screen (optional)","Specific enrichment or screening methods applied before and/or after creating libraries","e.g. Enriched"
"","ref_db (optional)","List of database(s) used for ORF annotation, along with version number and reference to website or publication","e.g. pVOGs;5;http://dmk-brain.ecn.uiowa.edu/pVOGs/ Grazziotin et al. 2017 doi:10.1093/nar/gkw9"
"","temp (optional)","Temperature of the sample at the time of sampling in degree celsius","e.g. 25"
"","isol_growth_condt (optional)","Publication reference in the form of pubmed ID (pmid), digital object identifier (doi) or url for isolation and growth condition specifications of the organism/material","e.g. doi:10.1016/j.syapm.2018.01.009"
"","alt (optional)","Heights of objects such as airplanes, space shuttles, rockets, atmospheric balloons and heights of places such as atmospheric layers and clouds in metres (m). It is used to measure the height of an object which is above the earth's surface. In this context, the altitude measurement is the vertical distance between the earth's surface above sea level and the sampled position in the air","e.g. 100"
"","source_mat_id (optional)","A unique identifier assigned to a material sample used for extracting nucleic acids, and subsequent sequencing. The identifier can refer either to the original material collected or to any derived sub-samples. The INSDC qualifiers /specimen_voucher, /bio_material, or /culture_collection may or may not share the same value as the source_mat_id field.","e.g. MPI012345"
"","ploidy (optional)","The ploidy level of the genome (e.g. allopolyploid, haploid, diploid, triploid, tetraploid). It has implications for the downstream study of duplicated gene and regions of the genomes (and perhaps for difficulties in assembly)","e.g. allopolyploidy"
"","pathogenicity (optional)","To what is the entity pathogenic","e.g. Animal"
"","propagation (optional)","The type of reproduction from the parent stock. Values for this field is specific to different taxa.","e.g. lytic"
"","samp_collect_device (optional)","The device used to collect an environmental sample.","e.g. sampleDevice"
"","biotic_relationship (optional)","Description of relationship(s) between the subject organism and other organism(s) it is associated with.","e.g. Free living"
"","ref_biomaterial (optional)","Primary publication if isolated before genome publication; otherwise, primary genome report","e.g. doi:10.1016/j.syapm.2018.01.009"
"","tax_ident (optional)","The phylogenetic marker(s) used to assign an organism name to the SAG or MAG","e.g. Other"
"","trophic_level (optional)","Trophic levels are the feeding position in a food chain. Microbes can be a range of producers (e.g. chemolithotroph)","e.g. heterotroph"
"","subspecf_gen_lin (optional)","Information about the genetic distinctness of the sequenced organism below the subspecies level, e.g., serovar, serotype, biotype, ecotype, or any relevant genetic typing schemes like Group I plasmid. Subspecies should not be recorded in this term, but in the NCBI taxonomy. Supply both the lineage name and the lineage rank separated by a colon, e.g., biovar:abc123","e.g. serovar:Newport"
"","host_disease_stat (optional)","List of diseases with which the host has been diagnosed; can include multiple diagnoses. The value of the field depends on host; for humans the terms should be chosen from the DO (Human Disease Ontology) at https://www.disease-ontology.org, non-human host diseases are free text","e.g. bacterial esophagitis"
"","samp_collect_method (optional)","The method employed for collecting the sample","e.g. Caught with a net"
"","samp_taxon_id (optional)","NCBI taxon id of the sample. Maybe be a single taxon or mixed taxa sample. Use 'synthetic metagenome for mock community/positive controls, or 'blank sample' for negative controls","e.g. Gut Metagenome [NCBITaxon:749906]"
"","tax_class (optional)","Method used for taxonomic classification, along with reference database used, classification rank, and thresholds used to classify new genomes","e.g. vConTACT vContact2"
"dissociation","","",""
"","dissociation_protocol_id","A unique alphanumeric code for the dissociation protocol in the study","e.g. disProtocol123"
"","protocol_name","A descriptive name of the protocol used for single-cell sequencing.","e.g. 10X Genomics Single Cell 3' Library Prep"
"","dissociation_description","A free-text description of the process used to separate cells from tissues or cell aggregates.","e.g. Tissue was enzymatically dissociated using collagenase for 30 minutes."
"","enrichment_markers (optional)","Description of the specificity markers used to isolate cell populations, e.g. 'CD45+'. Please contact FAANG DCC to add more terms.","e.g. CD45"
"","isolation_kit (optional)","The kit used to isolate the cells.","e.g. BD Rhapsody Single-Cell Analysis System"
"","literature_source_reference (optional)","Reference to literature sources that describe the protocol or methods used.","e.g. Doe et al. (2024), 'Single-cell RNA-seq: A comprehensive overview'"
"","protocols_io_reference (optional)","Reference link to protocols.io for additional details on the protocol.","e.g. https://www.protocols.io/view/sample-protocol-b2ubqesn"
"","workflow_hub_sop_reference (optional)","Reference to the Standard Operating Procedure (SOP) in workflow hub.","e.g. https://workflowhub.eu/works/12345"
"","dissociation_protocol_method (optional)","The method used to dissociate tissues into single cells.","e.g. Mechanical and enzymatic dissociation"
"","single_cell_quality_metric (optional)","Metrics used to assess the quality of single cells before sequencing.","e.g. Cell viability percentage"
"cell_suspension","","",""
"","sample_id","A unique alphanumeric reference or identifier assigned to the cell suspension for the sample in the study.","e.g. sample123"
"","dissociation_protocol_id","A unique alphanumeric code for the dissociation protocol in the study","e.g. disProtocol123"
"","cell_suspension_id","A unique alphanumeric code for the cell suspension for the sample","e.g. cellSusp123"
"","suspension_type","The type of suspension used to keep cells in solution during processing.","e.g. Cell"
"","cell_count (optional)","An number representing the number of cells in the sequencing library.","e.g. 10000"
"","cell_viability (optional)","The percentage of living cells in a sample, indicating the health and quality of cells for RNA-sequencing analysis.","e.g. 95"
"","cell_viability_assessment_method (optional)","The method used to evaluate the viability of cells in the sample, often involving staining or flow cytometry techniques.","e.g. Trypan Blue Exclusion"
"","cell_size (optional)","The size of the cell, typically measured in micrometres.","e.g. 10"
"","suspension_volume_µl (optional)","The volume of the cell suspension in microlitres (µL).","e.g. 100"
"","suspension_concentration_cells_per_µl (optional)","The concentration of cells in the suspension in microlitres (µL).","e.g. 1000"
"","suspension_dilution (optional)","The dilution factor of the cell suspension.","e.g. 1:10"
"","loading_volume_µl (optional)","The volume of the cell suspension loaded into the single-cell RNA-sequencing system for analysis.","e.g. 10"
"","suspension_dilution_buffer (optional)","A solution used to dilute cell suspensions to a desired concentration, typically prior to loading cells into a device for single-cell RNA sequencing. It helps maintain cell viability and integrity during processing.","e.g. PBS (Phosphate-buffered saline) with 0.04% BSA (Bovine serum albumin)"
"lib_prep","","",""
"","library_prep_id","A unique alphanumeric reference or identifier for the library preparation protocol used during the sequencing.","e.g. libPrep123"
"","cell_suspension_id","A unique alphanumeric code for the cell suspension for the library preparation.","e.g. cellSusp123"
"","library_prep_kit","Packaged kits (containing adapters, indexes, enzymes, buffers etc.), tailored for specific sequencing workflows, which allow the simplified preparation of sequencing-ready libraries for small genomes, amplicons, and plasmids","e.g. 10X Genomics Single Cell 3' v3"
"","library_prep_kit_version","The version number of the library preparation kit used for sequencing.","e.g. 2"
"","amplification_method (optional)","The method used to amplify the Complementary DNA (cDNA).","e.g. PCR"
"","cdna_amplification_cycles (optional)","The number of cycles used during the Complementary DNA (cDNA) amplification process.","e.g. 12"
"","average_size_distribution (optional)","The average length of RNA fragments in base pairs (BP) after library preparation, indicating the quality and suitability of the RNA for sequencing.","e.g. 350"
"","lib_construction_method (optional)","The library construction method (including version) that was used.","e.g. Smart-Seq2"
"","input_molecule (optional)","The specific fraction of biological macromolecule from which the sequencing library is derived.","e.g. RNA"
"","primer (optional)","The type of primer used for reverse transcription. This allows users to identify content of the cDNA library input for mRNA.","e.g. Random"
"","primeness","The end from which the molecule was sequenced.","e.g. 5'"
"","end_bias (optional)","The end bias of the library.","e.g. 3"
"","library_strand (optional)","The Complementary DNA (cDNA) strand of the library from which the reads derived from - sense (first), antisense (second), both or none.","e.g. Antisense"
"","spike_in","External RNA added to the sample as a control to assess technical variability and normalization in RNA-sequencing. State whether spike-in was used.","e.g. Yes"
"","spike_type (optional)","The specific type of external RNA used for spiking in, often indicating the source or nature of the control RNA.","e.g. Synthetic RNA"
"","spike_in_dilution_or_concentration (optional)","The final concentration or dilution (for commercial sets) of the spike in mix.","e.g. 1:1000"
"","i5_index","Barcode sequence used on the i5 adapter during library preparation for identifying samples in multiplexed single-cell RNA-sequencing.","e.g. ATCACG"
"","i7_index","Barcode sequence used on the i7 adapter to distinguish samples in multiplexed sequencing runs.","e.g. CGATGT"
"","dual_single_index","Specifies if both i5 and i7 indices (dual) or only one index (single) was used for sample identification during sequencing.","e.g. Dual"
"","i5_sequence","The nucleotide sequence of the i5 index used in multiplexing during sequencing.","e.g. ATCGTAGC"
"","i7_sequence","The specific nucleotide sequence of the i7 index used for a sample.","e.g. TGCATGCA"
"","plate_id (optional)","Identifier for the 96-well plate used in sample preparation.","e.g. plate123"
"","well_row (optional)","The row identifier in a 96-well plate indicating the sample's position.","e.g. A"
"","well_col (optional)","The column identifier in a 96-well plate indicating the sample's position.","e.g. 5"
"","cell_phenotype (optional)","The cell marker for the Fluorescence-Activated Cell Sorting (FACS) of cells.","e.g. CD41-"
"","nucl_acid_amp (optional)","A link to a literature reference, electronic resource or a standard operating procedure (SOP), that describes the enzymatic amplification (PCR, TMA, NASBA) of specific nucleic acids. The link can be a PMID, DOI or URL.","e.g. https://phylogenomics.me/protocols/16s-pcr-protocol/"
"","nucl_acid_ext (optional)","A link to a literature reference, electronic resource or a standard operating procedure (SOP), that describes the material separation to recover the nucleic acid fraction from a sample","e.g. https://mobio.com/media/wysiwyg/pdfs/protocols/12888.pdf"
"","samp_size (optional)","The total amount or size (volume (ml), mass (g) or area (m2) ) of sample collected","e.g. 5 litre"
"","estimated_size (optional)","The estimated size of the genome prior to sequencing in base pairs (bp). Of particular importance in the sequencing of (eukaryotic) genome which could remain in draft form for a long or unspecified period","e.g. 300000"
"","samp_vol_we_dna_ext (optional)","Volume (ml) or mass (g) of total collected sample processed for DNA extraction.","e.g. 1500 milliliter"
"","lib_vector (optional)","Cloning vector type(s) used in construction of libraries","e.g. Bacteriophage P1"
"","adapters (optional)","Adapters provide priming sequences for both amplification and sequencing of the sample-library fragments. Both adapters should be reported; in uppercase letters","e.g. AATGATACGGCGACCACCGAGATCTACACGCT;CAAGCAGAAGACGGCATACGAGAT"
"","samp_mat_process (optional)","A brief description of any processing applied to the sample during or after retrieving the sample from environment, or a link to the relevant protocol(s) performed","e.g. filtering of seawater, storing samples in ethanol"
"","design_description (optional)","The design of the library including details of how it was constructed.","e.g."
"sequencing","","",""
"","sequencing_id","A unique alphanumeric reference or identifier for the sequencing protocol.","e.g. seq123"
"","sequencing_platform_name","The name of the sequencing platform used for the experiment.","e.g. Pacbio"
"","sequencing_instrument_model","This refers to the machine or platform used for sequencing, with variations in throughput, read lengths, error rates, and application suitability.","e.g. Illumina NovaSeq 6000"
"","lib_layout","Specify whether to expect single, paired, or other configuration of reads for sequencing","e.g. Paired"
"","umi_barcode_read (optional)","The type of read that contains the Unique Molecular Identifier (UMI) barcode.","e.g. index2"
"","umi_barcode_offset (optional)","The offset in sequence of the Unique Molecular Identifier (UMI) identifying barcode.","e.g. 0"
"","umi_barcode_size (optional)","The size of the Unique Molecular Identifier (UMI) identifying barcode.","e.g. 10"
"","cell_barcode_read (optional)","The type of read that contains the UMI barcode.","e.g. index1"
"","cell_barcode_offset (optional)","The offset in sequence of the cell identifying barcode.","e.g. 10"
"","cell_barcode_size (optional)","The offset in sequence of the cell identifying barcode.","e.g. 0"
"","cdna_read","The actual nucleotide sequence obtained from Complementary DNA (cDNA) during sequencing.","e.g. read1"
"","cdna_read_offset (optional)","The starting position of the Complementary DNA (cDNA) read within the entire sequence, indicating where the read begins after any barcodes or technical sequences.","e.g. 6"
"","cdna_read_size (optional)","The size of the Complementary DNA (cDNA) read.","e.g. 75"
"","lib_size (optional)","Total number of clones in the library prepared for the project","e.g. 50"
"","compl_score (optional)","Completeness score is typically based on either the fraction of markers found as compared to a database or the percent of a genome found as compared to a closely related reference genome. High Quality Draft: >90%, Medium Quality Draft: >50%, and Low Quality Draft: < 50% should have the indicated completeness scores","e.g. med;60%"
"","lib_reads_seq (optional)","Total number of clones sequenced from the library","e.g. 20"
"","number_contig (optional)","Total number of contigs in the cleaned/submitted assembly that makes up a given genome, SAG, MAG, or UViG","e.g. 40"
"","num_replicons (optional)","Reports the number of replicons in a nuclear genome of eukaryotes, in the genome of a bacterium or archaea or the number of segments in a segmented virus. Always applied to the haploid chromosome count of a eukaryote","e.g. 2"
"analysis_derived_data","","",""
"","file_derived_from (optional)","The name of the file that was used to generate the analysis derived data.","e.g. file1_sequencing.json"
"","inferred_cell_type (optional)","Post analysis cell type or identity declaration based on expression profile or known gene function identified by the performer.","e.g. type II bipolar neuron"
"","post_analysis_cell_well_quality (optional)","Performer defined measure of whether the read output
from the cell was included in the sequencing analysis. For example, cells might be excluded if a threshold percentage of reads did not map to the genome or if pre-sequencing quality measures were not passed.","e.g. Passed"
"","other_derived_cell_attributes (optional)","Any other cell level measurement or annotation as result of the analysis.","e.g. cluster"
"raw_data_processing","","",""
"","reference_genome (optional)","Indicate version and include stable link to genome data (or attach genome fasta file).","e.g. GRCh38, https://example.org/grch38.fa"
"","genome_annotation (optional)","Indicate version and include stable link. Also indicate if any modification to the original annotation has been applied (e.g. 3' UTR extension) and include modified annotation file employed in the analysis.","e.g. Ensembl v101, https://example.org/ensembl_v101.gtf"
"","annotation_filtering (optional)","Indicate which features were filtered (i.e. protein coding, pseudo-genes, TCRs, etc.)","e.g. Filtered to include only protein-coding genes"
"","genes_vs_exons (optional)","Quantification using whole gene intervals or exons.","e.g. Exon quantification"
"","library_structure (optional)","seqspec format","e.g. Single-cell 3' library"
"","mapping_and_demultiplexing_software (optional)","Reads/UMI","e.g. Cell Ranger 6.0.0"
"","read_mapping_statistics (optional)","Statistics of the Reads or Unique Molecular Identifier (UMI).","e.g. 80% reads mapped to reference"
"","sequencing_saturation (optional)","Depending on number of cells recovered (not targeted) and technology","e.g. 95% sequencing saturation"
"","umis_barcode_distribution_qc (optional)","Show Unique Molecular Identifiers (UMIs) per barcode distribution and threshold applied","e.g. Threshold: 10 UMIs per barcode"
"","cell_non_cell_filtering_strategy (optional)","Unique Molecular Identifier (UMI) threshold used to discriminate cells from non-cells. Description of algorithm (if any) and parameters used to determine cells or non-cells.","e.g. Threshold: 5 UMIs for cell detection"
"","other_quality_filters_applied (optional)","Cells/nuclei discarded based on % mitochondrial reads, % rRNA reads, etc.","e.g. Cells with >20% mitochondrial reads discarded"
"","ambient_rna_qc (optional)","Report % UMIs in background cell barcodes, and algorithm (if any) used to remove ambient RNA","e.g. Ambient RNA removed if >5% UMIs in background barcodes"
"","predicted_doublet_rate_qc (optional)","Depending on number of cells recovered (not targeted) and technology","e.g. Predicted doublet rate: 1.5%"
"","individual_organism_snp_demultiplexing (optional)","If carried out, show SNP partitioning quality (e.g. SNP UMAP embedding or covariance matrix), algorithm used","e.g. SNP UMAP embedding using CellSNP"
"","assembly_name (optional)","Name/version of the assembly provided by the submitter that is used in the genome browsers and in the community","e.g. JCVI_ISG_i3_1.0"
"","extrachrom_elements (optional)","Do plasmids exist of significant phenotypic consequence (e.g. ones that determine virulence or antibiotic resistance). Megaplasmids? Other plasmids (borrelia has 15+ plasmids)","e.g. 5"
"","assembly_qual (optional)","The assembly quality category is based on sets of criteria outlined for each assembly quality category.","e.g. High-quality draft genome"
"","assembly_software (optional)","Tool(s) used for assembly, including version number and parameters","e.g. metaSPAdes;3.11.0;kmer set 21,33,55,77,99,121, default parameters otherwise"
"","annot (optional)","Tool used for annotation, or for cases where annotation was provided by a community jamboree or model organism database rather than by a specific submitter","e.g. prokka"
"","feat_pred (optional)","Method used to predict UViGs features such as ORFs, integration site, etc","e.g. Prodigal;2.6.3;default parameters"
"","compl_software (optional)","Tools used for completion estimate, i.e. checkm, anvi'o, busco","e.g. checkm"
"","sim_search_meth (optional)","Tool used to compare ORFs with database, along with version and cutoffs used","e.g. HMMER3;3.1b2;hmmsearch, cutoff of 50 on score"
"","sop (optional)","Standard operating procedures used in assembly and/or annotation of genomes, metagenomes or environmental sequences","e.g. http://press.igsb.anl.gov/earthmicrobiome/protocols-and-standards/its/"
"downstream_processing","","",""
"","clustering_algorithm_and_version (optional)","If compared/integrated with existing datasets","e.g. Louvain 0.8.0"
"","clustering_parameters (optional)","If compared/integrated with existing datasets","e.g. Resolution: 0.6, K-nearest neighbors: 10"
"","integration_batch_correction (optional)","If compared/integrated with existing datasets","e.g. Harmony v1.0"
"data_availability_checklist","","",""
"","source_code (optional)","If any newly developed code/software has been used in the processing and downstream analysis of the dataset.","e.g. Source code is hosted on GitHub and includes custom algorithms for UMI count normalization. The repository can be found at: https://github.com/user/umi-normalization."
"","umi_count_matrix (optional)","Gene x cell matrix with UMI counts for each gene in each cell.","e.g. The UMI count matrix is stored in a CSV file with gene IDs as rows (e.g., ENSG00000139618) and cell barcodes as columns (e.g., Cell_001, Cell_002). The matrix file is available at: https://example.com/umi_count_matrix.csv."
"","ensembl_ids (optional)","Gene or transcript names should be listed as Ensembl (or other standardized ID), with gene short names in metadata.","e.g. ENSG00000139618"
"","functional_gene_annotations (optional)","Any functional annotation generated/used (gene names, GOs, structural domains, etc.).","e.g. Functional gene annotations, including Gene Ontology (GO) terms, are provided in the metadata. For example, the gene 'ENSG00000139618' (BRCA1) is annotated with the GO term 'GO:0003674' (DNA binding)."
"","protein_models (optional)","FASTA file with (or stable link to) the predicted proteins associated to genes in the UMI count matrix and matching IDs.","e.g. The protein sequences for genes are provided in a FASTA file available at: https://example.com/protein_models.fasta, where each protein sequence is linked to the corresponding gene ID."
"","cell_metadata (optional)","Table mapping cell IDs to cluster/cell type/broad cell type annotations.","e.g. Cell metadata includes information such as cell type annotations ('Tumor', 'Normal') and experimental conditions ('Control', 'Treatment'). This data is available in a table at: https://example.com/cell_metadata.csv."
"","cluster_level_normalised_expression_tables (optional)","Expression tables that show normalised gene expression at the cluster or cell-type level.","e.g. Normalised gene expression data at the cluster level is provided in a tab-delimited text file. For example, gene 'ENSG00000139618' (BRCA1) has expression values for clusters: Cluster_1: 1200, Cluster_2: 900. The full expression table is available at: https://example.com/cluster_level_expression.csv."
"","other_resource_files (optional)","Necessary to re-use and interpret the data. E.g. barcode information in complex, serial multiplexing protocols (clicktags).","e.g. Barcode information used in multiplexing protocols is provided in a separate file, which can be accessed at: https://example.com/barcode_data.csv."
"file","","",""
"","lib_prep_id","A unique alphanumeric reference or identifier for the library preparation protocol used during the sequencing.","e.g. libPrep123"
"","sequencing_id","A unique alphanumeric reference or identifier for the sequencing protocol.","e.g. seq123"
"","file_id","A unique alphanumeric identifier for this file","e.g. A7F9B3X2"
"","read_1_file","The name or accession of the file that contains read 1.","e.g. file1_r1.fastq.gz"
"","read_2_file (optional)","The name or accession of the file that contains read 2.","e.g. file2_r2.fastq.gz"
"","index_1_file (optional)","The name of the file that contains index 1.","e.g. file1_i1.fastq.gz"
"","index_2_file","The name of the file that contains index 2.","e.g. file2_i2.fastq.gz"
"","read_1_file_checksum","Result of a hash function calculated on the content of the read 1 file  to verify file integrity. Commonly used algorithms include MD5 and SHA-1. The checksums should be separated by a comma (,).","e.g. d41d8cd98f00b204e9800998ecf8427e"
"","read_2_file_checksum (optional)","Result of a hash function calculated on the content of the read 2 file  to verify file integrity. Commonly used algorithms include MD5 and SHA-1. The checksums should be separated by a comma (,).","e.g. d41d8cd98f00b204e9800998ecf8427e"
"","index_1_file_checksum","Result of a hash function calculated on the content of  the index 1 file  to verify file integrity. Commonly used algorithms include MD5 and SHA-1. The checksums should be separated by a comma (,).","e.g. d41d8cd98f00b204e9800998ecf8427e"
"","index_2_file_checksum (optional)","Result of a hash function calculated on the content of  the index 2 file  to verify file integrity. Commonly used algorithms include MD5 and SHA-1. The checksums should be separated by a comma (,).","e.g. d41d8cd98f00b204e9800998ecf8427e"
"","white_list_barcode_file (optional)","A file containing the known cell barcodes in the
dataset.","e.g. barcodes.tsv"
"","file_name","A filename or file name is a name used to uniquely identify a data file related to the study.","e.g. file001"
"","file_type","A file type is a name given to a specific kind of file. Common file types are fastq, gtf, fasta, bam, archive etc.","e.g. fastq"
"","expression_data_file (optional)","The name or accession of the file which quantifies the level of gene, transcript, or protein expression in a given biological sample or condition.","e.g. filename1.txt"
